,last_downloaded,last_download
main,2017-07-10,
ciel_et_terre_projects/KOBE OIKE-1212 kWp.html,,2017-07-10
ciel_et_terre_projects/Ulu Sepri-270 kWp.html,,2017-07-10
ciel_et_terre_projects/UMENOKI-7550 kWp.html,,2017-07-10
ciel_et_terre_projects/HANAMIDAI-1153 kWp.html,,2017-07-10
ciel_et_terre_projects/HIRAI-IKE - 1125 kWp.html,,2017-07-10
ciel_et_terre_projects/KATO-SHI - 2870 kWp.html,,2017-07-10
ciel_et_terre_projects/SAKASAMA-IKE - 2313 kWp.html,,2017-07-10
ciel_et_terre_projects/FUKU-IKE - 1076 kWp.html,,2017-07-10
ciel_et_terre_projects/YOTHATHIKAN-5 kWp.html,,2017-07-10
ciel_et_terre_projects/O-CHANG - 495 kWp.html,,2017-07-10
ciel_et_terre_projects/PROTO PIOLENC-15 kWp.html,,2017-07-10
ciel_et_terre_projects/OKEGAWA-1180 kWp.html,,2017-07-10
ciel_et_terre_projects/KAWAGOE-696 kWp.html,,2017-07-10
ciel_et_terre_projects/MAENO-IKE - 848 kWp.html,,2017-07-10
ciel_et_terre_projects/YASUGI-1098 kWp.html,,2017-07-10
ciel_et_terre_projects/SHEEPLANDS FARM-200 kWp.html,,2017-07-10
ciel_et_terre_projects/Floating solar system-ORLANDO UTILITIES - 32 kWp.html,,2017-07-10
ciel_et_terre_projects/Floating solar system-MIRAFLORES - 24 kWp.html,,2017-07-10
ciel_et_terre_projects/Floating solar system-GOJIGA-IKE - 572 kWp.html,,2017-07-10
ciel_et_terre_projects/Floating solar system-SAKURAKAMI-IKE - 1992 kWp.html,,2017-07-10
ciel_et_terre_projects/Floating solar system-ALTO RABAGAO - 218 kWp.html,,2017-07-10
ciel_et_terre_projects/Floating solar system-ISAWA-IKE - 632 kWp.html,,2017-07-10
ciel_et_terre_projects/Floating solar system-Hirono Shin-Ike - 1751 kWp.html,,2017-07-10
ciel_et_terre_projects/Floating solar system-TSUGA-IKE - 2449 kWp.html,,2017-07-10
ciel_et_terre_projects/Floating solar system-GONO-IKE - 1203 kWp.html,,2017-07-10
ciel_et_terre_projects/Floating solar system-KUNDE WINERY - 10 kWp.html,,2017-07-10
ciel_et_terre_projects/Floating solar system-UCF ORLANDO - 5 kWp.html,,2017-07-10
ciel_et_terre_projects/Floating solar system-RENGEJI - 300 kWp.html,,2017-07-10
ciel_et_terre_projects/Floating solar system-NOFAR - 22 kWp.html,,2017-07-10
ciel_et_terre_projects/Floating solar system-PARK FARM - 100 kWp.html,,2017-07-10
ciel_et_terre_projects/Floating solar system-KEENS FARM - 100 kWp.html,,2017-07-10
ciel_et_terre_projects/Floating solar system-WOODLANE - 100 kWp.html,,2017-07-10
ciel_et_terre_projects/Floating solar system-PONTECORVO - 343 kWp.html,,2017-07-10
ciel_et_terre_projects/Floating solar system-SUNGAI LABU - 108 kWp.html,,2017-07-10
ciel_et_terre_projects/Floating solar system-SOHARA-IKE - 2398 kWp.html,,2017-07-10
ciel_et_terre_projects/Floating solar system-NAGA-IKE NISHI - 1078 kWp.html,,2017-07-10
ciel_et_terre_projects/Floating solar system-SAKURASHITA-IKE - 809 kWp.html,,2017-07-10
ciel_et_terre_projects/Floating solar system-KAWARAYAMA-IKE - 1428 kWp.html,,2017-07-10
ciel_et_terre_projects/Floating solar system-POLYBELL - 471 kWp.html,,2017-07-10
ciel_et_terre_projects/Floating solar system-QE2 - 6338 kWp.html,,2017-07-10
ciel_et_terre_projects/Floating solar system-GODLEY - 2991 kWp.html,,2017-07-10
ciel_et_terre_projects/FUNATSU OSAWA-1485 kWp.html,,2017-07-10
ciel_et_terre_projects/SAWA-IKE - 1008 kWp.html,,2017-07-10
